image_id,image_url
Art_Therapy Cover,https://pbvaepwwamyykdrwmqui.supabase.co/storage/v1/object/public/HYP-Images/projects_image/Cover_Art_Therapy.png?t=2024-06-19T18%3A25%3A43.376Z
Art_Therapy image_1,https://pbvaepwwamyykdrwmqui.supabase.co/storage/v1/object/public/HYP-Images/projects_image/project_aux_image/Art_Therapy_1.jpeg?t=2024-06-19T18%3A34%3A53.009Z
Art_Therapy image_2,https://pbvaepwwamyykdrwmqui.supabase.co/storage/v1/object/public/HYP-Images/projects_image/project_aux_image/Art_Therapy_2.jpeg?t=2024-06-19T18%3A34%3A56.930Z
Art_Therapy image_3,https://pbvaepwwamyykdrwmqui.supabase.co/storage/v1/object/public/HYP-Images/projects_image/project_aux_image/Art_Therapy_3.jpeg?t=2024-06-19T18%3A35%3A00.277Z
Design Cover,https://pbvaepwwamyykdrwmqui.supabase.co/storage/v1/object/public/HYP-Images/projects_image/Cover_Design.png?t=2024-06-19T18%3A27%3A26.734Z
Design image_1,https://pbvaepwwamyykdrwmqui.supabase.co/storage/v1/object/public/HYP-Images/projects_image/project_aux_image/Design_1.jpeg?t=2024-06-19T18%3A35%3A03.657Z
Design image_2,https://pbvaepwwamyykdrwmqui.supabase.co/storage/v1/object/public/HYP-Images/projects_image/project_aux_image/Design_2.jpeg?t=2024-06-19T18%3A35%3A06.463Z
Design image_3,https://pbvaepwwamyykdrwmqui.supabase.co/storage/v1/object/public/HYP-Images/projects_image/project_aux_image/Design_3.jpeg?t=2024-06-19T18%3A35%3A09.279Z
Empowered Cover,https://pbvaepwwamyykdrwmqui.supabase.co/storage/v1/object/public/HYP-Images/projects_image/Cover_Empowered.png?t=2024-06-19T18%3A27%3A33.391Z
Empowered image_1,https://pbvaepwwamyykdrwmqui.supabase.co/storage/v1/object/public/HYP-Images/projects_image/project_aux_image/Empowered_1.jpeg?t=2024-06-19T18%3A35%3A12.322Z
Empowered image_2,https://pbvaepwwamyykdrwmqui.supabase.co/storage/v1/object/public/HYP-Images/projects_image/project_aux_image/Empowered_2.jpeg?t=2024-06-19T18%3A35%3A15.332Z
Empowered image_3,https://pbvaepwwamyykdrwmqui.supabase.co/storage/v1/object/public/HYP-Images/projects_image/project_aux_image/Empowered_3.jpeg?t=2024-06-19T18%3A35%3A15.332Z
Financial Cover,https://pbvaepwwamyykdrwmqui.supabase.co/storage/v1/object/public/HYP-Images/projects_image/Cover_Financial.png?t=2024-06-19T18%3A27%3A37.491Z
Financial image_1,https://pbvaepwwamyykdrwmqui.supabase.co/storage/v1/object/public/HYP-Images/projects_image/project_aux_image/Financial_1.jpeg
Financial image_2,https://pbvaepwwamyykdrwmqui.supabase.co/storage/v1/object/public/HYP-Images/projects_image/project_aux_image/Financial_2.jpeg?t=2024-06-19T18%3A35%3A29.422Z
Financial image_3,https://pbvaepwwamyykdrwmqui.supabase.co/storage/v1/object/public/HYP-Images/projects_image/project_aux_image/Financial_3.jpeg?t=2024-06-19T18%3A35%3A32.743Z
Gardening Cover,https://pbvaepwwamyykdrwmqui.supabase.co/storage/v1/object/public/HYP-Images/projects_image/Cover_Gardening.png?t=2024-06-19T18%3A27%3A41.481Z
Gardening image_1,https://pbvaepwwamyykdrwmqui.supabase.co/storage/v1/object/public/HYP-Images/projects_image/project_aux_image/Gardening_1.jpeg?t=2024-06-19T18%3A35%3A37.406Z
Gardening image_2,https://pbvaepwwamyykdrwmqui.supabase.co/storage/v1/object/public/HYP-Images/projects_image/project_aux_image/Gardening_2.jpeg?t=2024-06-19T18%3A35%3A41.137Z
Gardening image_3,https://pbvaepwwamyykdrwmqui.supabase.co/storage/v1/object/public/HYP-Images/projects_image/project_aux_image/Gardening_3.jpeg?t=2024-06-19T18%3A35%3A41.137Z
Healing_Writing Cover,https://pbvaepwwamyykdrwmqui.supabase.co/storage/v1/object/public/HYP-Images/projects_image/Cover_Healing_Writing.png?t=2024-06-19T18%3A27%3A50.809Z
Healing_Writing image_1,https://pbvaepwwamyykdrwmqui.supabase.co/storage/v1/object/public/HYP-Images/projects_image/project_aux_image/Healing_Writing_1.jpeg?t=2024-06-19T18%3A35%3A51.683Z
Healing_Writing image_2,https://pbvaepwwamyykdrwmqui.supabase.co/storage/v1/object/public/HYP-Images/projects_image/project_aux_image/Healing_Writing_2.jpeg?t=2024-06-19T18%3A35%3A54.461Z
Healing_Writing image_3,https://pbvaepwwamyykdrwmqui.supabase.co/storage/v1/object/public/HYP-Images/projects_image/project_aux_image/Healing_Writing_3.jpeg?t=2024-06-19T18%3A35%3A56.927Z
Intercultural_Mediation Cover,https://pbvaepwwamyykdrwmqui.supabase.co/storage/v1/object/public/HYP-Images/services_image/Cover_Intercultural_Mediation.png
Intercultural_Mediation image_1,https://pbvaepwwamyykdrwmqui.supabase.co/storage/v1/object/public/HYP-Images/services_image/service_aux_image/Intercultural_Mediation_1.jpeg?t=2024-06-19T18%3A40%3A41.536Z
Intercultural_Mediation image_2,https://pbvaepwwamyykdrwmqui.supabase.co/storage/v1/object/public/HYP-Images/services_image/service_aux_image/Intercultural_Mediation_2.jpeg?t=2024-06-19T18%3A40%3A41.536Z
Job_Counter Cover,https://pbvaepwwamyykdrwmqui.supabase.co/storage/v1/object/public/HYP-Images/services_image/Cover_Job_Counter.png
Job_Counter image_1,https://pbvaepwwamyykdrwmqui.supabase.co/storage/v1/object/public/HYP-Images/services_image/service_aux_image/Job_Counter_1.jpeg?t=2024-06-19T18%3A40%3A48.391Z
Job_Counter image_2,https://pbvaepwwamyykdrwmqui.supabase.co/storage/v1/object/public/HYP-Images/services_image/service_aux_image/Job_Counter_2.jpeg?t=2024-06-19T18%3A40%3A52.860Z
Legal_Couns Cover,https://pbvaepwwamyykdrwmqui.supabase.co/storage/v1/object/public/HYP-Images/services_image/Cover_Legal_Couns.png
Legal_Couns image_1,https://pbvaepwwamyykdrwmqui.supabase.co/storage/v1/object/public/HYP-Images/services_image/service_aux_image/Legal_Couns_1.jpeg?t=2024-06-19T18%3A41%3A02.382Z
Legal_Couns image_2,https://pbvaepwwamyykdrwmqui.supabase.co/storage/v1/object/public/HYP-Images/services_image/service_aux_image/Legal_Couns_2.jpeg?t=2024-06-19T18%3A41%3A06.353Z
Paws Cover,https://pbvaepwwamyykdrwmqui.supabase.co/storage/v1/object/public/HYP-Images/projects_image/Cover_Paws.png?t=2024-06-19T18%3A27%3A55.413Z
Paws image_1,https://pbvaepwwamyykdrwmqui.supabase.co/storage/v1/object/public/HYP-Images/projects_image/project_aux_image/Paws_1.jpeg?t=2024-06-19T18%3A36%3A00.909Z
Paws image_2,https://pbvaepwwamyykdrwmqui.supabase.co/storage/v1/object/public/HYP-Images/projects_image/project_aux_image/Paws_2.jpeg?t=2024-06-19T18%3A36%3A07.053Z
Paws image_3,https://pbvaepwwamyykdrwmqui.supabase.co/storage/v1/object/public/HYP-Images/projects_image/project_aux_image/Paws_3.jpeg?t=2024-06-19T18%3A36%3A09.157Z
Psycho_Couns Cover,https://pbvaepwwamyykdrwmqui.supabase.co/storage/v1/object/public/HYP-Images/services_image/Cover_Psycho_Couns.png
Psycho_Couns image_1,https://pbvaepwwamyykdrwmqui.supabase.co/storage/v1/object/public/HYP-Images/services_image/service_aux_image/Psycho_Couns_1.jpeg?t=2024-06-19T18%3A41%3A09.137Z
Psycho_Couns image_2,https://pbvaepwwamyykdrwmqui.supabase.co/storage/v1/object/public/HYP-Images/services_image/service_aux_image/Psycho_Couns_2.jpeg?t=2024-06-19T18%3A41%3A12.518Z
SELF Cover,https://pbvaepwwamyykdrwmqui.supabase.co/storage/v1/object/public/HYP-Images/projects_image/Cover_SELF.png?t=2024-06-19T18%3A27%3A59.505Z
SELF image_1,https://pbvaepwwamyykdrwmqui.supabase.co/storage/v1/object/public/HYP-Images/projects_image/project_aux_image/SELF_1.jpeg?t=2024-06-19T18%3A36%3A13.023Z
SELF image_2,https://pbvaepwwamyykdrwmqui.supabase.co/storage/v1/object/public/HYP-Images/projects_image/project_aux_image/SELF_2.jpeg?t=2024-06-19T18%3A36%3A18.211Z
SELF image_3,https://pbvaepwwamyykdrwmqui.supabase.co/storage/v1/object/public/HYP-Images/projects_image/project_aux_image/SELF_3.jpeg?t=2024-06-19T18%3A36%3A21.894Z
Shelter_Home Cover,https://pbvaepwwamyykdrwmqui.supabase.co/storage/v1/object/public/HYP-Images/services_image/Cover_Shelter_Home.png
Shelter_Home image_1,https://pbvaepwwamyykdrwmqui.supabase.co/storage/v1/object/public/HYP-Images/services_image/service_aux_image/Shelter_Home_1.jpeg?t=2024-06-19T18%3A41%3A17.540Z
Shelter_Home image_2,https://pbvaepwwamyykdrwmqui.supabase.co/storage/v1/object/public/HYP-Images/services_image/service_aux_image/Shelter_Home_2.jpeg?t=2024-06-19T18%3A41%3A20.303Z
Swim_Days Cover,https://pbvaepwwamyykdrwmqui.supabase.co/storage/v1/object/public/HYP-Images/projects_image/Cover_Swim_Days.png?t=2024-06-19T18%3A28%3A03.905Z
Swim_Days image_1,https://pbvaepwwamyykdrwmqui.supabase.co/storage/v1/object/public/HYP-Images/projects_image/project_aux_image/Swim_Days_1.jpeg?t=2024-06-19T18%3A36%3A24.286Z
Swim_Days image_2,https://pbvaepwwamyykdrwmqui.supabase.co/storage/v1/object/public/HYP-Images/projects_image/project_aux_image/Swim_Days_2.jpeg?t=2024-06-19T18%3A36%3A28.355Z
Swim_Days image_3,https://pbvaepwwamyykdrwmqui.supabase.co/storage/v1/object/public/HYP-Images/projects_image/project_aux_image/Swim_Days_3.jpeg?t=2024-06-19T18%3A36%3A31.016Z
Welcome_Interviews Cover,https://pbvaepwwamyykdrwmqui.supabase.co/storage/v1/object/public/HYP-Images/services_image/Cover_Welcome_Interviews.png
Welcome_Interviews image_1,https://pbvaepwwamyykdrwmqui.supabase.co/storage/v1/object/public/HYP-Images/services_image/service_aux_image/Welcome_Interviews_1.jpeg?t=2024-06-19T18%3A41%3A24.504Z
Welcome_Interviews image_2,https://pbvaepwwamyykdrwmqui.supabase.co/storage/v1/object/public/HYP-Images/services_image/service_aux_image/Welcome_Interviews_2.jpeg?t=2024-06-19T18%3A41%3A28.704Z